５ 　　調査港湾別利用状況,,,,,,,,,,,,
,,,,,,,,,,,,
5-(1)　　総計,,,,,,,,,,,,
,,,,,,,,,,,,
,,,,,,,,,,,上段：平成31年,
,,,,,,,②　船舶乗降人員,,,,中段：平成30年,
,,,,,,,,,,,下段： 増・減（△）,
,,,,,,,,,,,単位：人,
,,,,,,,,,,,,
,,,,,,,航　　　路,総　　数,乗込人員,,上陸人員,
,,,,,,,内国航路,"807,240","394,626",,"412,614",
,,,,,,,,"819,030","401,371",,"417,659",
,,,,,,,,"△ 11,790","△ 6,745",,"△ 5,045",
,,,,,,,外国航路,212,106,,106,
,,,,,,,,‐,‐,,‐,
,,,,,,,,212,106,,106,
,,,,,,,,,,,,
,,,,,,,,,,,,
,,,,,,,,,,,,
,,,,,,,,,,,,
,,,,,,,,,,,,
,,,,,,,,,,,,
,,,,,,,,,,,,
,,,,,,,,,,,,
,,,,,,,,,,,,
,,,,,,,,,,,,
,,,,,,,,,,,,
,,,,,,,,,,,,
,,,,,,,,,,,,
,,,,,,,,,,,,
,,,,,,,,,,,,
,,,,,,,,,,,,
,,,,,,,,,,,,
,,,,,,,,,,,,
,,,,,,,,,,,,
,,,,,,,,,,,,
,,,,,,,,,,,,
,,,,,,,,,,,,
,,,,,,,,,,,,
,,,,,,,,,,,,
,,,,,,,,,,,,
,,,,,,,,,,,,
,,,,,,,,,,,,
,,,,,,,,,,,,
,,,,,,,,,,,,
,,,,,,,,,,,,
,,,,,,,,,,,,
,,,,,,,,,,,,
,,,,,,,,,,,,
,,,,,,,,,,,,
,,,,,,,,,,,,
,,,,,,,,,,,,
,,,,,,,,,,,,
,,,,,,,,,,,,
,,,,,,,,,,,,
,,,,,,,,,,,,
,,,,,,,,,,,,
,,,,,,,,,,,,
,,,,,,,,,,,,
,,,,,,,,,,,,
,,,,,,,,,,,,
,,,,,,,,,,,,
,,,,,,,,,,,,
,,,,,,,,,,,,
,,,,,,,,,,,,
,,,,,,,,,,,,
,,,,,,,,,,,,
,,,,,,,,,,,,
,,,,,,,,,,,,
,,,,,,,,,,,,
,,,,,,,,,,,,
,,,,,,,,,,,,
,,,,,,,,,,,,
,,,,,,,,,,,,
,,,,,,,,,,,,
,,,,,,,,,,,,
,,,,,,,,,,,,
,,,,,,,,,,,,
,,,,,,,,,,,,
,,,,,,,,,,,,
,,,,,,,,,,,,
77",966,"179,939",5,995,205,"38,028",-,-,297,"55,184",,-,-,-,-,-,-,459,"85,732",-,-,-,-,,
外 航 船　　,-,-,-,-,-,-,-,-,-,-,-,-,,-,-,-,-,-,-,-,-,-,-,-,-,,
２００トン以上　　,"1,419","367,952",711,"172,781",13,"3,529",181,"36,743",-,-,144,"34,956",,-,-,-,-,-,-,373,"97,553",-,-,-,-,,
内 航 船　　,"1,419","367,952",711,"172,781",13,"3,529",181,"36,743",-,-,144,"34,956",,-,-,-,-,-,-,373,"97,553",-,-,-,-,,
外 航 船　　,-,-,-,-,-,-,-,-,-,-,-,-,,-,-,-,-,-,-,-,-,-,-,-,-,,
３００トン以上　　,289,"115,006",263,"105,899",-,-,20,"7,212",-,-,64,"32,048",,-,-,-,-,-,-,179,"66,639",-,-,-,-,,
内 航 船　　,288,"114,627",263,"105,899",-,-,20,"7,212",-,-,64,"32,048",,-,-,-,-,-,-,179,"66,639",-,-,-,-,,
外 航 船　　,1,379,-,-,-,-,-,-,-,-,-,-,,-,-,-,-,-,-,-,-,-,-,-,-,,
４００トン以上　　,"5,858","2,846,579","5,589","2,723,897",68,"32,259","2,315","1,124,701",10,"4,990",368,"177,038",,-,-,-,-,-,-,"2,462","1,202,336",-,-,366,"182,573",,
内 航 船　　,"5,858","2,846,579","5,589","2,723,897",68,"32,259","2,315","1,124,701",10,"4,990",368,"177,038",,-,-,-,-,-,-,"2,462","1,202,336",-,-,366,"182,573",,
外 航 船　　,-,-,-,-,-,-,-,-,-,-,-,-,,-,-,-,-,-,-,-,-,-,-,-,-,,
５００トン以上　　,634,"400,406",461,"288,466",-,-,144,"88,679",-,-,34,"25,466",,-,-,-,-,-,-,283,"174,321",-,-,-,-,,
内 航 船　　,634,"400,406",461,"288,466",-,-,144,"88,679",-,-,34,"25,466",,-,-,-,-,-,-,283,"174,321",-,-,-,-,,
外 航 船　　,-,-,-,-,-,-,-,-,-,-,-,-,,-,-,-,-,-,-,-,-,-,-,-,-,,
７００トン以上　　,"2,375","1,785,841","2,222","1,665,870",65,"46,379",293,"218,095",4,"2,974",97,"76,874",,2,"1,494",8,"7,239",-,-,595,"445,473",-,-,913,"683,837",,
内 航 船　　,"2,375","1,785,841","2,222","1,665,870",65,"46,379",293,"218,095",4,"2,974",97,"76,874",,2,"1,494",8,"7,239",-,-,595,"445,473",-,-,913,"683,837",,
外 航 船　　,-,-,-,-,-,-,-,-,-,-,-,-,,-,-,-,-,-,-,-,-,-,-,-,-,,
１，０００トン以上　　,804,"1,072,676",318,"495,214",-,-,53,"76,903",-,-,199,"310,650",,-,-,-,-,-,-,66,"107,661",-,-,-,-,,
内 航 船　　,776,"1,019,948",292,"445,617",-,-,53,"76,903",-,-,199,"310,650",,-,-,-,-,-,-,40,"58,064",-,-,-,-,,
外 航 船　　,28,"52,728",26,"49,597",-,-,-,-,-,-,-,-,,-,-,-,-,-,-,26,"49,597",-,-,-,-,,
２，０００トン以上　　,961,"2,445,724",896,"2,288,890",-,-,-,-,62,"134,540",323,"886,745",,-,-,352,"876,832",-,-,15,"37,042",1,"2,003",135,"335,304",,
内 航 船　　,946,"2,408,757",882,"2,254,021",-,-,-,-,62,"134,540",323,"886,745",,-,-,352,"876,832",-,-,1,"2,173",1,"2,003",135,"335,304",,
外 航 船　　,15,"36,967",14,"34,869",-,-,-,-,-,-,-,-,,-,-,-,-,-,-,14,"34,869",-,-,-,-,,
３，０００トン以上　　,309,"1,132,161",297,"1,086,197",-,-,-,-,19,"68,033",265,"971,663",,-,-,6,"21,324",-,-,5,"17,203",-,-,2,"7,974",,
内 航 船　　,300,"1,099,533",290,"1,061,020",-,-,-,-,19,"68,033",265,"971,663",,-,-,6,"21,324",-,-,-,-,-,-,-,-,,
外 航 船　　,9,"32,628",7,"25,177",-,-,-,-,-,-,-,-,,-,-,-,-,-,-,5,"17,203",-,-,2,"7,974",,
４，０００トン以上　　,355,"1,715,247",129,"593,157",-,-,-,-,87,"402,031",-,-,,-,-,-,-,-,-,23,"102,809",-,-,19,"88,317",,
内 航 船　　,318,"1,543,357",93,"426,079",-,-,-,-,87,"402,031",-,-,,-,-,-,-,-,-,6,"24,048",-,-,-,-,,
外 航 船　　,37,"171,890",36,"167,078",-,-,-,-,-,-,-,-,,-,-,-,-,-,-,17,"78,761",-,-,19,"88,317",,
５，０００トン以上　　,647,"3,558,820",210,"1,148,678",-,-,-,-,174,"948,463",-,-,,-,-,-,-,-,-,35,"194,557",-,-,1,"5,658",,
内 航 船　　,623,"3,427,437",186,"1,017,295",-,-,-,-,174,"948,463",-,-,,-,-,-,-,-,-,12,"68,832",-,-,-,-,,
外 航 船　　,24,"131,383",24,"131,383",-,-,-,-,-,-,-,-,,-,-,-,-,-,-,23,"125,725",-,-,1,"5,658",,
６，０００トン以上　　,94,"615,175",92,"602,805",-,-,-,-,28,"184,978",-,-,,-,-,-,-,-,-,5,"33,243",-,-,59,"384,584",,
内 航 船　　,30,"197,348",28,"184,978",-,-,-,-,28,"184,978",-,-,,-,-,-,-,-,-,-,-,-,-,-,-,,
外 航 船　　,64,"417,827",64,"417,827",-,-,-,-,-,-,-,-,,-,-,-,-,-,-,5,"33,243",-,-,59,"384,584",,
７，０００トン以上　　,396,"2,936,140",395,"2,928,640",-,-,-,-,43,"337,858",-,-,,-,-,-,-,-,-,7,"52,444",-,-,270,"1,981,872",,
内 航 船　　,117,"887,322",117,"887,322",-,-,-,-,43,"337,858",-,-,,-,-,-,-,-,-,-,-,-,-,-,-,,
外 航 船　　,279,"2,048,818",278,"2,041,318",-,-,-,-,-,-,-,-,,-,-,-,-,-,-,7,"52,444",-,-,270,"1,981,872",,
８，０００トン以上　　,196,"1,657,295",192,"1,623,597",-,-,-,-,-,-,-,-,,-,-,-,-,-,-,43,"381,129",-,-,92,"764,735",,
内 航 船　　,39,"314,223",35,"280,525",-,-,-,-,-,-,-,-,,-,-,-,-,-,-,-,-,-,-,-,-,,
外 航 船　　,157,"1,343,072",157,"1,343,072",-,-,-,-,-,-,-,-,,-,-,-,-,-,-,43,"381,129",-,-,92,"764,735",,
９，０００トン以上　　,"2,211","21,635,904","2,209","21,616,747",-,-,-,-,3,"29,871",-,-,,-,-,-,-,-,-,7,"67,715",-,-,"1,857","18,177,787",,
内 航 船　　,272,"2,680,917",272,"2,680,917",-,-,-,-,3,"29,871",-,-,,-,-,-,-,-,-,-,-,-,-,-,-,,
外 航 船　　,"1,939","18,954,987","1,937","18,935,830",-,-,-,-,-,-,-,-,,-,-,-,-,-,-,7,"67,715",-,-,"1,857","18,177,787",,
１０，０００トン以上　　,"2,943","39,730,645","2,522","34,516,864",-,-,-,-,52,"740,282",-,-,,-,-,-,-,-,-,27,"397,051",-,-,697,"12,292,140",,
内 航 船　　,"2,161","26,261,165","1,740","21,047,384",-,-,-,-,52,"740,282",-,-,,-,-,-,-,-,-,-,-,-,-,-,-,,
外 航 船　　,782,"13,469,480",782,"13,469,480",-,-,-,-,-,-,-,-,,-,-,-,-,-,-,27,"397,051",-,-,697,"12,292,140",,
２０，０００トン以上　　,590,"15,607,352",585,"15,485,084",-,-,-,-,-,-,-,-,,-,-,-,-,3,"67,769",25,"595,829",-,-,557,"14,821,486",,
内 航 船　　,3,"76,536",1,"27,470",-,-,-,-,-,-,-,-,,-,-,-,-,-,-,1,"27,470",-,-,-,-,,
外 航 船　　,587,"15,530,816",584,"15,457,614",-,-,-,-,-,-,-,-,,-,-,-,-,3,"67,769",24,"568,359",-,-,557,"14,821,486",,
３０，０００トン以上　　,288,"9,916,089",284,"9,794,981",-,-,-,-,-,-,-,-,,-,-,-,-,1,"31,617",9,"302,829",22,"806,344",218,"7,547,457",,
内 航 船　　,-,-,-,-,-,-,-,-,-,-,-,-,,-,-,-,-,-,-,-,-,-,-,-,-,,
外 航 船　　,288,"9,916,089",284,"9,794,981",-,-,-,-,-,-,-,-,,-,-,-,-,1,"31,617",9,"302,829",22,"806,344",218,"7,547,457",,
４０，０００トン以上　　,347,"14,781,603",334,"14,211,106",-,-,-,-,-,-,-,-,,-,-,-,-,-,-,3,"129,886",-,-,331,"14,081,220",,
内 航 船　　,-,-,-,-,-,-,-,-,-,-,-,-,,-,-,-,-,-,-,-,-,-,-,-,-,,
外 航 船　　,347,"14,781,603",334,"14,211,106",-,-,-,-,-,-,-,-,,-,-,-,-,-,-,3,"129,886",-,-,331,"14,081,220",,
５０，０００トン以上　　,177,"9,585,000",166,"8,986,147",-,-,-,-,-,-,-,-,,-,-,-,-,-,-,-,-,6,"311,502",160,"8,674,645",,
内 航 船　　,2,"100,284",-,-,-,-,-,-,-,-,-,-,,-,-,-,-,-,-,-,-,-,-,-,-,,
外 航 船　　,175,"9,484,716",166,"8,986,147",-,-,-,-,-,-,-,-,,-,-,-,-,-,-,-,-,6,"311,502",160,"8,674,645",,
６０，０００トン以上　　,515,"47,688,857",512,"47,327,444",-,-,-,-,-,-,-,-,,-,-,-,-,-,-,-,-,1,"60,154",511,"47,267,290",,
内 航 船　　,-,-,-,-,-,-,-,-,-,-,-,-,,-,-,-,-,-,-,-,-,-,-,-,-,,
外 航 船　　,515,"47,688,857",512,"47,327,444",-,-,-,-,-,-,-,-,,-,-,-,-,-,-,-,-,1,"60,154",511,"47,267,290",,
,,,,,,,,,,,,,,,,,,,,,,,,,,,
,隻数,総ト�ｱ���橸ｾ�ｽｸ��ｽｼ�ｱ�暦ｽｲ,譚ｱ莠ｬ驛ｽ雜ｳ遶句玄隘ｿ譁ｰ莠�6-21-3,35.779722,139.776111,蠕ｮ蟆冗ｲ貞ｭ千憾迚ｩ雉ｪ,2020-04-05,19,5,6,7,5,8,4,6,1,5,8,7,6,4,4,5,7,5,5,1,谺�貂ｬ,2,4,8,4,1,2,9,12,10,7,7,4,0,1,8,9,5,5,8,11,7,9,12,16,7,3,2,2,2,2,5,4,5,3,9,12,15,12,7,8
131211,13121010,118,譚ｱ莠ｬ驛ｽ,雜ｳ遶句玄,雜ｳ遶句玄隘ｿ譁ｰ莠�,�ｱ���橸ｾ�ｽｸ��ｽｼ�ｱ�暦ｽｲ,譚ｱ莠ｬ驛ｽ雜ｳ遶句玄隘ｿ譁ｰ莠�6-21-3,35.779722,139.776111,蠕ｮ蟆冗ｲ貞ｭ千憾迚ｩ雉ｪ,2020-04-05,20,9,10,8,10,5,6,6,13,11,11,7,10,7,8,10,9,7,5,11,11,9,5,8,9,10,8,8,4,5,4,7,7,7,6,3,3,6,11,8,7,6,12,13,13,11,9,6,5,2,1,1,1,谺�貂ｬ,谺�貂ｬ,4,5,7,5,11,15
131211,13121010,118,譚ｱ莠ｬ驛ｽ,雜ｳ遶句玄,雜ｳ遶句玄隘ｿ譁ｰ莠�,�ｱ���橸ｾ�ｽｸ��ｽｼ�ｱ�暦ｽｲ,譚ｱ莠ｬ驛ｽ雜ｳ遶句玄隘ｿ譁ｰ莠�6-21-3,35.779722,139.776111,蠕ｮ蟆冗ｲ貞ｭ千憾迚ｩ雉ｪ,2020-04-05,21,17,13,14,13,10,11,10,11,11,12,10,10,8,9,7,8,7,10,5,4,1,4,7,8,12,11,15,11,16,13,17,13,10,6,1,4,2,7,4,4,0,2,4,8,9,9,2,2,3,10,11,8,7,4,10,9,17,11,10,6
131211,13121010,118,譚ｱ莠ｬ驛ｽ,雜ｳ遶句玄,雜ｳ遶句玄隘ｿ譁ｰ莠�,�ｱ���橸ｾ�ｽｸ��ｽｼ�ｱ�暦ｽｲ,譚ｱ莠ｬ驛ｽ雜ｳ遶句玄隘ｿ譁ｰ莠�6-21-3,35.779722,139.776111,蠕ｮ蟆冗ｲ貞ｭ千憾迚ｩ雉ｪ,2020-04-05,22,8,10,10,10,10,11,11,14,12,9,5,5,5,10,8,4,2,4,10,11,14,13,15,10,10,8,9,9,8,4,7,9,14,15,12,16,16,13,11,13,12,8,5,10,15,13,12,11,11,9,10,12,10,5,3,9,9,11,9,15
131211,13121010,118,譚ｱ莠ｬ驛ｽ,雜ｳ遶句玄,雜ｳ遶句玄隘ｿ譁ｰ莠�,�ｱ���橸ｾ�ｽｸ��ｽｼ�ｱ�暦ｽｲ,譚ｱ莠ｬ驛ｽ雜ｳ遶句玄隘ｿ譁ｰ莠�6-21-3,35.779722,139.776111,蠕ｮ蟆冗ｲ貞ｭ千憾迚ｩ雉ｪ,2020-04-05,23,14,15,15,16,14,9,10,8,9,5,8,7,7,6,11,14,13,13,13,13,8,9,9,10,6,4,4,9,13,13,8,5,6,3,5,2,2,谺�貂ｬ,谺�貂ｬ,0,6,5,1,1,2,6,6,10,4,0,谺�貂ｬ,8,9,10,5,2,3,谺�貂ｬ,6,5
131211,13121010,118,譚ｱ莠ｬ驛ｽ,雜ｳ遶句玄,雜ｳ遶句玄隘ｿ譁ｰ莠�,�ｱ���橸ｾ�ｽｸ��ｽｼ�ｱ�暦ｽｲ,譚ｱ莠ｬ驛ｽ雜ｳ遶句玄隘ｿ譁ｰ莠�6-21-3,35.779722,139.776111,蠕ｮ蟆冗ｲ貞ｭ千憾迚ｩ雉ｪ,2020-04-05,24,8,,,,,,,,,,,,,,,,,,,,,,,,,,,,,,,,,,,,,,,,,,,,,,,,,,,,,,,,,,,
131229,13122010,119,譚ｱ莠ｬ驛ｽ,闡幃｣ｾ蛹ｺ,闡幃｣ｾ蛹ｺ骼悟��,�ｶ�ゑｽｼ�ｶ�ｸ�ｶ�擾ｽｸ��,譚ｱ莠ｬ驛ｽ闡幃｣ｾ蛹ｺ骼悟��2-21-4,35.744444,139.877222,蠕ｮ蟆冗ｲ貞ｭ千憾迚ｩ雉ｪ,2020-04-05,00,,15,18,18,19,23,18,17,10,11,17,13,15,12,14,11,12,15,17,16,13,16,10,10,12,15,19,13,16,14,15,18,23,27,21,19,18,19,15,16,17,16,15,13,12,4,4,8,11,16,21,22,16,7,12,17,18,16,18,11
131229,13122010,119,譚ｱ莠ｬ驛ｽ,闡幃｣ｾ蛹ｺ,闡幃｣ｾ蛹ｺ骼悟��,�ｶ�ゑｽｼ�ｶ�ｸ�ｶ�擾ｽｸ��,譚ｱ莠ｬ驛ｽ闡幃｣ｾ蛹ｺ骼悟��2-21-4,35.744444,139.877222,蠕ｮ蟆冗ｲ貞ｭ千憾迚ｩ雉ｪ,2020-04-05,01,3,0,5,13,13,16,13,12,6,9,9,10,14,18,22,22,22,21,21,20,22,22,22,22,20,17,12,7,11,13,17,15,10,8,11,15,16,14,14,14,15,19,23,20,10,7,13,22,23,22,22,21,19,18,22,21,20,19,21,20
131229,13122010,119,譚ｱ莠ｬ驛ｽ,闡幃｣ｾ蛹ｺ,闡幃｣ｾ蛹ｺ骼悟��,�ｶ�ゑｽｼ�ｶ�ｸ�ｶ�擾ｽｸ��,譚ｱ莠ｬ驛ｽ闡幃｣ｾ蛹ｺ骼悟��2-21-4,35.744444,139.877222,蠕ｮ蟆冗ｲ貞ｭ千憾迚ｩ雉ｪ,2020-04-05,02,15,15,14,17,17,18,19,19,15,15,17,18,20,16,15,13,15,18,18,15,14,12,10,13,12,15,6,谺�貂ｬ,谺�貂ｬ,4,6,10,10,7,8,5,8,7,9,15,17,15,7,7,9,15,24,28,30,20,18,18,27,33,33,31,25,31,27,26
131229,13122010,119,譚ｱ莠ｬ驛ｽ,闡幃｣ｾ蛹ｺ,闡幃｣ｾ蛹ｺ骼悟��,�ｶ�ゑｽｼ�ｶ�ｸ�ｶ�擾ｽｸ��,譚ｱ莠ｬ驛ｽ闡幃｣ｾ蛹ｺ骼悟��2-21-4,35.744444,139.877222,蠕ｮ蟆冗ｲ貞ｭ千憾迚ｩ雉ｪ,2020-04-05,03,16,16,14,12,11,5,5,谺�貂ｬ,谺�貂ｬ,0,11,14,17,22,23,28,20,21,20,28,30,27,26,18,18,14,24,27,25,18,13,19,19,22,21,23,20,17,20,20,18,14,13,16,13,13,17,19,21,20,22,18,11,9,17,20,16,11,12,13
131229,13122010,119,譚ｱ莠ｬ驛ｽ,闡幃｣ｾ蛹ｺ,闡幃｣ｾ蛹ｺ骼悟��,�ｶ�ゑｽｼ�ｶ�ｸ�ｶ�擾ｽｸ��,譚ｱ莠ｬ驛ｽ闡幃｣ｾ蛹ｺ骼悟��2-21-4,35.744444,139.877222,蠕ｮ蟆冗ｲ貞ｭ千憾迚ｩ雉ｪ,2020-04-05,04,11,14,20,20,13,8,7,16,12,15,17,19,20,13,17,18,22,16,20,16,16,13,17,25,22,21,14,14,15,17,18,16,8,9,10,18,20,20,19,19,17,18,20,17,15,14,20,23,17,16,15,21,20,20,20,15,12,10,16,21
131229,13122010,119,譚ｱ莠ｬ驛ｽ,闡幃｣ｾ蛹ｺ,闡幃｣ｾ蛹ｺ骼悟��,�ｶ�ゑｽｼ�ｶ�ｸ�ｶ�擾ｽｸ��,譚ｱ莠ｬ驛ｽ闡幃｣ｾ蛹ｺ骼悟��2-21-4,35.744444,139.877222,蠕ｮ蟆冗ｲ貞ｭ千憾迚ｩ雉ｪ,2020-04-05,05,21,18,20,22,21,24,24,22,18,13,20,24,24,22,19,20,19,22,20,24,19,17,15,17,24,25,26,23,22,20,22,21,23,23,21,20,20,21,26,26,30,28,27,21,20,17,20,20,21,20,19,23,22,28,25,29,22,20,18,19
131229,13122010,119,譚ｱ莠ｬ驛ｽ,闡幃｣ｾ蛹ｺ,闡幃｣ｾ蛹ｺ骼悟��,�ｶ�ゑｽｼ�ｶ�ｸ�ｶ�擾ｽｸ��,譚ｱ莠ｬ驛ｽ闡幃｣ｾ蛹ｺ骼悟��2-21-4,35.744444,139.877222,蠕ｮ蟆冗ｲ貞ｭ千憾迚ｩ雉ｪ,2020-04-05,06,19,16,17,16,19,16,22,24,23,18,15,15,16,17,16,16,17,17,22,24,22,21,21,21,20,16,15,14,9,7,7,12,12,11,12,14,14,15,19,22,25,18,16,15,18,18,16,18,15,14,9,13,11,15,16,20,24,17,17,12
131229,13122010,119,譚ｱ莠ｬ驛ｽ,闡幃｣ｾ蛹ｺ,闡幃｣ｾ蛹ｺ骼悟��,�ｶ�ゑｽｼ�ｶ�ｸ�ｶ�擾ｽｸ��,譚ｱ莠ｬ驛ｽ闡幃｣ｾ蛹ｺ骼悟��2-21-4,35.744444,139.877222,蠕ｮ蟆冗ｲ貞ｭ千憾迚ｩ雉ｪ,2020-04-05,07,20,18,22,20,18,16,17,21,22,25,21,21,18,16,12,11,10,13,15,12,11,10,14,9,12,10,12,9,6,8,3,2,谺�貂ｬ,7,5,6,2,1,谺�貂ｬ,0,5,5,谺�貂ｬ,谺�貂ｬ,0,4,2,6,13,11,4,0,8,9,5,2,4,0,谺�貂ｬ,4
131229,13122010,119,譚ｱ莠ｬ驛ｽ,闡幃｣ｾ蛹ｺ,闡幃｣ｾ蛹ｺ骼悟��,�ｶ�ゑｽｼ�ｶ�ｸ�ｶ�擾ｽｸ��,譚ｱ莠ｬ驛ｽ闡幃｣ｾ蛹ｺ骼悟��2-21-4,35.744444,139.877222,蠕ｮ蟆冗ｲ貞ｭ千憾迚ｩ雉ｪ,2020-04-05,08,16,22,24,24,25,26,26,28,28,24,19,15,11,12,14,13,10,8,8,4,3,3,9,5,8,10,14,10,3,4,6,14,9,4,谺�貂ｬ,谺�貂ｬ,谺�貂ｬ,谺�貂ｬ,3,3,1,谺�貂ｬ,谺�貂ｬ,1,4,7,6,6,5,1,谺�貂ｬ,2,9,12,11,4,7,8,13,12
131229,13122010,119,譚ｱ莠ｬ驛ｽ,闡幃｣ｾ蛹ｺ,闡幃｣ｾ蛹ｺ骼悟��,�ｶ�ゑｽｼ�ｶ�ｸ�ｶ�擾ｽｸ��,譚ｱ莠ｬ驛ｽ闡幃｣ｾ蛹ｺ骼悟��2-21-4,35.744444,139.877222,蠕ｮ蟆冗ｲ貞ｭ千憾迚ｩ雉ｪ,2020-04-05,09,12,10,3,1,5,13,12,12,11,16,19,14,12,6,2,谺�貂ｬ,1,5,2,0,谺�貂ｬ,3,2,9,5,9,3,0,0,3,8,4,2,1,4,5,10,12,7,谺�貂ｬ,3,5,14,6,7,4,3,3,5,15,9,6,谺�貂ｬ,5,5,5,0,0,2,谺�貂ｬ
131229,13122010,119,譚ｱ莠ｬ驛ｽ,闡幃｣ｾ蛹ｺ,闡幃｣ｾ蛹ｺ骼悟��,�ｶ�ゑｽｼ�ｶ�ｸ�ｶ�擾ｽｸ��,譚ｱ莠ｬ驛ｽ闡幃｣ｾ蛹ｺ骼悟��2-21-4,35.744444,139.877222,蠕ｮ蟆冗ｲ貞ｭ千憾迚ｩ雉ｪ,2020-04-05,10,谺�貂ｬ,谺�貂ｬ,2,1,谺�貂ｬ,谺�貂ｬ,谺�貂ｬ,谺�貂ｬ,4,8,4,谺�貂ｬ,谺�貂ｬ,谺�貂ｬ,谺�貂ｬ,9,11,5,谺�貂ｬ,谺�貂ｬ,谺�貂ｬ,5,谺�貂ｬ,19,谺�貂ｬ,9,8,1,8,4,10,4,1,谺�貂ｬ,谺�貂ｬ,谺�貂ｬ,谺�貂ｬ,3,9,15,8,10,1,10,10,19,18,12,5,1,5,7,13,9,7,0,1,8,11,17
131229,13122010,119,譚ｱ莠ｬ驛ｽ,闡幃｣ｾ蛹ｺ,闡幃｣ｾ蛹ｺ骼悟��,�ｶ�ゑｽｼ�ｶ�ｸ�ｶ�擾ｽｸ��,譚ｱ莠ｬ驛ｽ闡幃｣ｾ蛹ｺ骼悟��2-21-4,35.744444,139.877222,蠕ｮ蟆冗ｲ貞ｭ千憾迚ｩ雉ｪ,2020-04-05,11,11,9,8,10,9,12,9,12,9,4,7,7,10,10,10,7,8,9,10,7,2,2,0,3,9,12,14,12,12,14,8,8,6,8,5,3,3,4,1,谺�貂ｬ,5,2,4,1,10,9,5,谺�貂ｬ,谺�貂ｬ,4,10,11,9,8,2,1,4,6,4,8
131229,13122010,119,譚ｱ莠ｬ驛ｽ,闡幃｣ｾ蛹ｺ,闡幃｣ｾ蛹ｺ骼悟��,�ｶ�ゑｽｼ�ｶ�ｸ�ｶ�擾ｽｸ��,譚ｱ莠ｬ驛ｽ闡幃｣ｾ蛹ｺ骼悟��2-21-4,35.744444,139.877222,蠕ｮ蟆冗ｲ貞ｭ千憾迚ｩ雉ｪ,2020-04-05,12,11,12,13,13,8,7,5,13,19,14,11,9,5,谺�貂ｬ,4,11,18,12,9,2,谺�貂ｬ,2,6,11,6,5,5,5,2,3,10,7,10,9,9,10,3,7,6,17,15,14,14,13,12,6,9,16,16,13,3,6,4,11,16,18,14,2,5,6
131229,13122010,119,譚ｱ莠ｬ驛ｽ,闡幃｣ｾ蛹ｺ,闡幃｣ｾ蛹ｺ骼悟��,�ｶ�ゑｽｼ�ｶ�ｸ�ｶ�擾ｽｸ��,譚ｱ莠ｬ驛ｽ闡幃｣ｾ蛹ｺ骼悟��2-21-4,35.744444,139.877222,蠕ｮ蟆冗ｲ貞ｭ千憾迚ｩ雉ｪ,2020-04-05,13,12,10,10,6,1,2,7,14,5,谺�貂ｬ,谺�貂ｬ,2,3,谺�貂ｬ,0,谺�貂ｬ,0,谺�貂ｬ,2,6,14,15,10,12,12,14,10,8,11,14,13,9,9,10,9,6,6,7,7,5,6,1,2,4,10,13,11,11,1,谺�貂ｬ,谺�貂ｬ,8,10,11,5,6,12,16,20,16
131229,13122010,119,譚ｱ莠ｬ驛ｽ,闡幃｣ｾ蛹ｺ,闡幃｣ｾ蛹ｺ骼悟��,�ｶ�ゑｽｼ�ｶ�ｸ�ｶ�擾ｽｸ��,譚ｱ莠ｬ驛ｽ闡幃｣ｾ蛹ｺ骼悟��2-21-4,35.744444,139.877222,蠕ｮ蟆冗ｲ貞ｭ千憾迚ｩ雉ｪ,2020-04-05,14,16,9,8,7,6,5,3,5,10,14,13,9,12,7,9,0,2,3,5,8,6,10,5,10,6,12,12,9,5,谺�貂ｬ,0,1,4,4,6,9,4,2,2,9,6,3,2,4,4,5,6,4,0,谺�貂ｬ,0,6,6,6,2,1,1,6,10,8
131229,13122010,119,譚ｱ莠ｬ驛ｽ,闡幃｣ｾ蛹ｺ,闡幃｣ｾ蛹ｺ骼悟��,�ｶ�ゑｽｼ�ｶ�ｸ�ｶ�擾ｽｸ��,譚ｱ莠ｬ驛ｽ闡幃｣ｾ蛹ｺ骼悟��2-21-4,35.744444,139.877222,蠕ｮ蟆冗ｲ貞ｭ千憾迚ｩ雉ｪ,2020-04-05,15,7,2,1,谺�貂ｬ,4,4,4,4,7,12,9,13,10,10,7,10,12,7,4,5,8,4,4,0,5,4,2,3,谺�貂ｬ,2,谺�貂ｬ,谺�貂ｬ,0,7,2,2,3,9,13,8,10,8,12,8,7,7,6,3,谺�貂ｬ,1,6,7,2,3,6,6,4,4,11,12
131229,13122010,119,譚ｱ莠ｬ驛ｽ,闡幃｣ｾ蛹ｺ,闡幃｣ｾ蛹ｺ骼悟��,�ｶ�ゑｽｼ�ｶ�ｸ�ｶ�擾ｽｸ��,譚ｱ莠ｬ驛ｽ闡幃｣ｾ蛹ｺ骼悟��2-21-4,35.744444,139.877222,蠕ｮ蟆冗ｲ貞ｭ千憾迚ｩ雉ｪ,2020-04-05,16,4,2,4,5,4,5,7,9,4,4,8,10,13,14,16,15,13,11,8,7,4,1,2,0,0,谺�貂ｬ,3,2,8,4,6,7,8,14,13,16,9,12,11,16,14,10,6,4,6,7,8,3,2,谺�貂ｬ,5,7,7,2,1,4,5,5,8,10
131229,13122010,119,譚ｱ莠ｬ驛ｽ,闡幃｣ｾ蛹ｺ,闡幃｣ｾ蛹ｺ骼悟��,�ｶ�ゑｽｼ�ｶ�ｸ�ｶ�擾ｽｸ��,譚ｱ莠ｬ驛ｽ闡幃｣ｾ蛹ｺ骼悟��2-21-4,35.744444,139.877222,蠕ｮ蟆冗ｲ貞ｭ千憾迚ｩ雉ｪ,2020-04-05,17,4,4,5,6,4,0,0,4,2,谺�貂ｬ,谺�貂ｬ,谺�貂ｬ,0,谺�貂ｬ,谺�貂ｬ,1,谺�貂ｬ,谺�貂ｬ,谺�貂ｬ,4,7,8,11,13,11,11,16,16,11,5,2,7,4,7,4,3,谺�貂ｬ,谺�貂ｬ,0,11,14,13,5,谺�貂ｬ,6,8,13,9,16,11,8,3,7,7,2,谺�貂ｬ,谺�貂ｬ,谺�貂ｬ,谺�貂ｬ,谺�貂ｬ
131229,13122010,119,譚ｱ莠ｬ驛ｽ,闡幃｣ｾ蛹ｺ,闡幃｣ｾ蛹ｺ骼悟��,�ｶ�ゑｽｼ�ｶ�ｸ�ｶ�擾ｽｸ��,