委託期間,Ｎｏ．,委託警察署,受託法人,所在地,緯度,経度,座標系,連絡先
令和6年４月１日から令和９年３月３１日まで,1,麹町・神田,テイケイ株式会社,新宿区歌舞伎町１丁目１番１６号,35.6931319,139.7043853,JGD2011,050-3142-2701
令和6年４月１日から令和９年３月３１日まで,2,丸の内・中央,シンテイ警備株式会社,中央区新富１丁目８番８号,35.6725308,139.7744333,JGD2011,03-3551-4616
令和6年４月１日から令和９年３月３１日まで,3,築地・月島,シンテイ警備株式会社,中央区新富１丁目８番８号,35.6725308,139.7744333,JGD2011,03-3551-4616
令和6年４月１日から令和９年３月３１日まで,4,三田・愛宕,シンテイ警備株式会社,中央区新富１丁目８番８号,35.6725308,139.7744333,JGD2011,03-3551-4616
令和6年４月１日から令和９年３月３１日まで,5,万世橋・久松,株式会社コアズ,千代田区神田猿楽町２丁目７番８号,35.7003853,139.7573364,JGD2011,03-3291-4700
令和6年４月１日から令和９年３月３１日まで,6,東京湾岸・深川,株式会社コアズ,千代田区神田猿楽町２丁目７番８号,35.7003853,139.7573364,JGD2011,03-3291-4700
令和6年４月１日から令和９年３月３１日まで,7,高輪・麻布,シンテイ警備株式会社,中央区新富１丁目８番８号,35.6725308,139.7744333,JGD2011,03-3551-4616
令和6年４月１日から令和９年３月３１日まで,8,赤坂・原宿,シンテイ警備株式会社,中央区新富１丁目８番８号,35.6725308,139.7744333,JGD2011,03-3551-4616
令和6年４月１日から令和９年３月３１日まで,9,品川・大井,テイケイ株式会社,新宿区歌舞伎町１丁目１番１６号,35.6931319,139.7043853,JGD2011,050-3142-2701
令和6年４月１日から令和９年３月３１日まで,10,大崎・荏原,テイケイ株式会社,新宿区歌舞伎町１丁目１番１６号,35.6931319,139.7043853,JGD2011,050-3142-2701
令和6年４月１日から令和９年３月３１日まで,11,渋谷・代々木,株式会社ジェイ・エス・エス,新宿区左門町６番地４,35.6868636,139.720545,JGD2011,03-5919-0821
令和6年４月１日から令和９年３月３１日まで,12,牛込・四谷,株式会社ジェイ・エス・エス,新宿区左門町６番地４,35.6868636,139.720545,JGD2011,03-5919-0821
令和6年４月１日から令和９年３月３１日まで,13,新宿・戸塚,株式会社アネシス,千代田区神田小川町３丁目３番地,35.694991,139.761714,JGD2011,03-3292-0181
令和6年４月１日から令和９年３月３１日まで,14,富坂・大塚,シンテイ警備株式会社,中央区新富１丁目８番８号,35.6725308,139.7744333,JGD2011,03-3551-4616
令和6年４月１日から令和９年３月３１日まで,15,駒込・巣鴨,シンテイ警備株式会社,中央区新富１丁目８番８号,35.6725308,139.7744333,JGD2011,03-3551-4616
令和6年４月１日から令和９年３月３１日まで,16,池袋・目白,株式会社アネシス,千代田区神田小川町３丁目３番地,35.694991,139.761714,JGD2011,03-3292-0181
令和6年４月１日から令和９年３月３１日まで,17,本富士・上野・下谷,株式会社コアズ,千代田区神田猿楽町２丁目７番８号,35.7003853,139.7573364,JGD2011,03-3291-4700
令和6年４月１日から令和９年３月３１日まで,18,浅草・蔵前,株式会社コアズ,千代田区神田猿楽町２丁目７番８号,35.7003853,139.7573364,JGD2011,03-3291-4700
令和6年４月１日から令和９年３月３１日まで,19,本所・向島,株式会社アネシス,千代田区神田小川町３丁目３番地,35.694991,139.761714,JGD2011,03-3292-0181
令和6年４月１日から令和９年３月３１日まで,20,城東・葛西,株式会社コアズ,千代田区神田猿楽町２丁目７番８号,35.7003853,139.7573364,JGD2011,03-3291-4700
令和6年４月１日から令和９年３月３１日まで,21,小松川・小岩,株式会社ＧＦＭ,渋谷区道玄坂１丁目２２番１０号,35.6563,139.695677,JGD2011,03-5428-6371
令和４年４月１日から令和７年３月３１日まで,1,亀有・葛飾,株式会社セノン,千代田区一ツ橋２丁目６番３号,35.694516,139.756289,JGD2011,03-3288-7122
令和４年４月１日から令和７年３月３１日まで,2,西新井・竹の塚,シンテイ警備株式会社,中央区新富１丁目８番８号,35.6725308,139.7744333,JGD2011,03-3551-4616
令和４年４月１日から令和７年３月３１日まで,3,千住・綾瀬,シンテイ警備株式会社,中央区新富１丁目８番８号,35.6725308,139.7744333,JGD2011,03-3551-4616
令和４年４月１日から令和７年３月３１日まで,4,南千住・荒川,株式会社コアズ,千代田区神田猿楽町２丁目７番８号,35.7003853,139.7573364,JGD2011,03-3291-4700
令和４年４月１日から令和７年３月３１日まで,5,尾久・滝野川,株式会社ＧＦＭ,渋谷区道玄坂１丁目２２番１０号,35.6563,139.695677,JGD2011,03-5428-6371
令和４年４月１日から令和７年３月３１日まで,6,王子・赤羽,シンテイ警備株式会社,中央区新富１丁目８番８号,35.6725308,139.7744333,JGD2011,03-3551-4616
令和４年４月１日から令和７年３月３１日まで,7,志村・高島平,株式会社コアズ,千代田区神田猿楽町２丁目７番８号,35.7003853,139.7573364,JGD2011,03-3291-4700
令和４年４月１日から令和７年３月３１日まで,8,板橋・練馬,テイケイ株式会社,新宿区歌舞伎町１丁目１番１６号,35.6931319,139.7043853,JGD2011,050-3142-2701
令和４年４月１日から令和７年３月３１日まで,9,光が丘・石神井,株式会社ジェイ・エス・エス,新宿区左門町６番地４,35.6868636,139.720545,JGD2011,03-5919-0821
令和４年４月１日から令和７年３月３１日まで,10,大森・池上,テイケイ株式会社,新宿区歌舞伎町１丁目１番１６号,35.6931319,139.7043853,JGD2011,050-3142-2701
令和４年４月１日から令和７年３月３１日まで,11,蒲田・東京空港,テイケイ株式会社,新宿区歌舞伎町１丁目１番１６号,35.6931319,139.7043853,JGD2011,050-3142-2701
令和４年４月１日から令和７年３月３１日まで,12,田園調布・玉川,株式会社ジェイ・エス・エス,新宿区左門町６番地４,35.6868636,139.720545,JGD2011,03-5919-0821
令和４年４月１日から令和７年３月３１日まで,13,目黒・碑文谷,株式会社ジェイ・エス・エス,新宿区左門町６番地４,35.6868636,139.720545,JGD2011,03-5919-0821
令和４年４月１日から令和７年３月３１日まで,14,世田谷・北沢,シンテイ警備株式会社,中央区新富１丁目８番８号,35.6725308,139.7744333,JGD2011,03-3551-4616
令和４年４月１日から令和７年３月３１日まで,15,成城・高井戸,株式会社ジェイ・エス・エス,新宿区左門町６番地４,35.6868636,139.720545,JGD2011,03-5919-0821
令和４年４月１日から令和７年３月３１日まで,16,中野・野方,株式会社コアズ,千代田区神田猿楽町２丁目７番８号,35.7003853,139.7573364,JGD2011,03-3291-4700
令和４年４月１日から令和７年３月３１日まで,17,杉並・荻窪,株式会社ジェイ・エス・エス,新宿区左門町６番地４,35.6868636,139.720545,JGD2011,03-5919-0821
令和５年４月１日から令和８年３月３１日まで,1,調布・多摩中央,株式会社ジェイ・エス・エス,新宿区左門町６番地４,35.6868636,139.720545,JGD2011,03-5919-0821
令和５年４月１日から令和８年３月３１日まで,2,府中・小金井・日野,株式会社コアズ,千代田区神田猿楽町２丁目７番８号,35.7003853,139.7573364,JGD2011,03-3291-4700
令和５年４月１日から令和８年３月３１日まで,3,武蔵野・三鷹,株式会社アネシス,千代田区神田小川町３丁目３番地,35.694991,139.761714,JGD2011,03-3292-0181
令和５年４月１日から令和８年３月３１日まで,4,町田・南大沢・高尾,株式会社コアズ,千代田区神田猿楽町２丁目７番８号,35.7003853,139.7573364,JGD2011,03-3291-4700
令和５年４月１日から令和８年３月３１日まで,5,八王子・昭島,株式会社ＧＦＭ,渋谷区道玄坂１丁目２２番１０号,35.6563,139.695677,JGD2011,03-5428-6371
令和５年４月１日から令和８年３月３１日まで,6,立川・小平,株式会社アネシス,千代田区神田小川町３丁目３番地,35.694991,139.761714,JGD2011,03-3292-0181
令和５年４月１日から令和８年３月３１日まで,7,田無・東村山,株式会社アネシス,千代田区神田小川町３丁目３番地,35.694991,139.761714,JGD2011,03-3292-0181
令和５年４月１日から令和８年３月３１日まで,8,福生・青梅・五日市・東大和,シンテイ警備株式会社,中央区新富１丁目８番８号,35.6725308,139.7744333,JGD2011,03-3551-4616
叛ｹ,U忞ﾒMﾅﾛﾉ謠�
ｮdDﾆBfs)#ﾗ[`/163ﾑﾃｭ~NｺｬhYﾚK4ﾛ｢｢gx� W���g章{泙(-�	仔'ﾆYqｯｵV+ﾍ羔g8縒<[鋕a㌍﨎ｾwkY�%3h{h甦悋邪r明
q�2c{≡]C鯒Uzﾇ蝙Oo$5ｬｦTVﾏｶ6z9ｭ梍ｱ隔omﾎ杳ｸEﾄe)t�!J朗�ﾎｯﾏ��ｮ楔�(gﾒ禺畆ｹXｻg^庭,B~/I釮ﾌｷﾄe鉧賎	sE5P��,ﾗｧｷP�(gｯ遼fiWｵ艷ｳ3hﾟU翰ﾑbﾍﾋ��･Mﾛﾙ|o倔ｵM�>J�ｶﾒ磋ﾎ･ﾜQB�c�苹ｵ$'轍｣9ｴ展ﾐ讙\膓�6K{､ｹ治｢ｭk霧>ｶ瓧+H袵ｴ6/ﾃHﾓｻ#�)|5岦ｿ�｣擧|ﾆ�.�m^"i#?ｦ�-ｨﾕ"ﾑj.+ﾅ#櫃�沾(/.ｷvQ\&ﾝ~�醴潮rｶ�-､DﾓIｯ釶Q�*ﾟ�WER\ｫjﾎﾔ6J&�ﾓ,l.ｧp;];(w;ｴs�\CoﾄZﾚ��7乳\ｳⅢr�)ﾒｱ,9ｩz士�ﾃEG�}ﾚ%.W\X�rｹﾕPﾉﾙV	奓�bｪﾅﾑy�ﾈ1M梯�%趺ｭz?7ﾔ｣m.y�0GIｳﾍ�Lﾚ｣KｽEﾝYｽﾕ栞ﾆ-+痍Wﾈ0ﾒwﾗp珖99B�=ｳｹ�#?册$陬珱つ�ｪ秧Y�=ｹBﾄIO_z恠6ｷ0ﾏ5橙ｴﾛｽ3kL惷<ﾝyﾎ�ｬｸ,ar繦ｮ吾<^)ﾎ�$WZ価ｯ菴�O銖偸ﾐ�.Ⅰ超_G�?�=n:ｯ霰*h･Mｾ捲ｱq/�:ｭｯR�ｼ2E�Iﾑg虹芟ｵaﾌﾓﾋｸrGKx�A)�患F�/｡滿ﾘﾎ'$�_F彰�叉ｿ�T嚊Q��ｺﾟｹｬ,Uﾜﾇgｳ�ｾ�xｿH蹴Q��:�7�+=\Zｮｹs%ﾉlﾊﾚﾋﾎ�q爾^jKm釧;ﾎZ{ｾG\ｦｰ衫ｲr)83ﾘ�2[l/g粳s冦��ｦysﾉ転@tﾐjj�:��Y5l�7ｼ戌�骰ﾋﾔRﾍ�Mﾆ�這卷f汯ｧtt�ｪ茣�"ｷｳﾉｩk+B��ｨ､y[Mﾊ橇ｎk3?ｯ!Q!%N%�ｮ5�'ｶVjｽ用-WKQ\.�/ｵ喚&Dﾙ)ﾅｼjU穩%ﾖｰ5~='ﾈｯｸｽﾔe淡yｩ惧k喇ｩﾎ�葉,福ｧｫ)q2iｯIy�fﾞ9)iｿcO祺袒+凖t6ｹ�餔=s�$ﾉV辰NxI�奉�ﾛﾜu｢ﾌ,駱ｺ�僚･ﾜﾗ'ﾇ�;C|Z態",.溺�;\･�(1iU�0灌7ﾏｽF逅ﾋﾒ&ｦｯﾋv莨ﾘk83ﾆE�ﾁﾞ宥WU･sﾓ1､0ﾞﾜ學3'湖ﾈ� 窶c!&!�B�!"c�'A@選pF､造i*RT^岩Q別b�ｈｨｨ)ﾀ｢(Eﾑ4苙�~ﾟo�ﾐｲｺｩⅸﾖ誾ﾗY蕫ﾟﾙg淇ｿ=}ﾟｷgｸ炉9�"ﾒe鼕ﾌﾉ7Z栂不^Dぞ�?㎞ﾎi｡Zコﾛs�B耀5誄fS%蝎ﾔ�!飛賣ﾕ|劒_ﾉｸ?ﾋ{?ｷ�qﾆ���證Zﾓ|R咐鄧zb頡(3Gﾗ�'芙�躰!([愚gｨW參｢}ﾌ･､吮ｶi謳sN｢0�8K@ﾋﾜﾔﾁﾜ恩�g冉ｳ-2�ｪ�*srﾏ j�琪?ﾑﾂﾍﾙ]O*sn杉wﾒ�:�ｲLﾖﾙ	ﾌ?)ﾙﾊｬ�0g�>ﾎgﾊ��f杣�
ｵﾏﾇｱ}幔ｶ8"ｷﾋ｢�8�9ﾃ櫤ﾎ･�3(�X�ｲtﾋ�9{tﾛ��9u}.O"ﾎ�･ﾔ)ﾋ(ﾟ�奮ｯ�豕i楨Uｦ�-徨j\�(ASﾙr3ｭHﾓｵgUJ�ﾊ�$ﾚﾊｳ靖,#9_i&RJﾛ劈I;複垢zﾉ��<sy:Oﾉ�{^｡�=嗄�珉?喀ﾃ>ﾁｺ2ﾄ褜梯�}mﾂ\ﾃﾈJﾈ業3･ﾎ>Eﾗrrﾐ0J�>�ﾐY3�蕗�:Y儡･Lｿ､ｮ梛�Jﾆtgﾙ:�>ﾎ|�sDﾕﾟmm･ｽ]-ｯ審Cﾁ�6ｧjfle�9wU�0�,ｵﾇ悧bN=ﾜ･HRa|ﾉ�	gMz｣�萱牋 ﾏｫ1鄕ﾘ褞ﾎB�ﾝ�ﾋ�→?f�.u3巒�(ｫA､/v9mｹ;>3�=k｢k携ﾏ瓸倍ｩsﾋ�
｣ﾔfﾊｳﾇﾕﾕ�､']抛�疔ﾃ]]ｱ�3懇r捩憇kNﾒﾌﾖe6ﾊeﾏUﾋ｣範u[��Y｣ﾆｱM良�岸ﾖ\hﾊ'O�y7Sigｰ�ﾐｮ�!逑#靴�39ｧｺ鍵F+sｮ搆蛹`?ｾﾑ=｡､0紕FGHﾓW吽ﾌ炫'佩�/�KC)k�;ﾊ憮訪ﾝｧ�5*沮| O篶｡ｴ截於�-ｺﾊ\5ﾄ�6劯ﾊｬｱ�ｼ
{$�;ﾑNTGZ赳ｴ�=G9/F謨xTｺｾ｢ﾟS7ｫte饑ｫ(�kｹ�巛�;eｶﾉｿ甄ﾅﾈ[ﾛｧｹ{�uT･ﾉ:zﾁﾐ廷､ｿ啗ｵchxｪｰkB猪hWpIh醇ﾜ0ｴ?�04ﾈ(sｵAY油2ｵMmW7ﾂ\ほ�>ｷｩ4fﾆｴ癧｡-J替7�*�-aEｨ㌃ﾏUｳ#ｫ5Q�ﾖⅠ抖ｧｬ蕉b�1硤_c�ﾖ"ﾋ�:0ﾙJQｶP{ﾕ(ｫD�N]?ｻ3ﾘf�ｵﾒｽ�Fｮﾛ5�:�ｷ�卉K|<W(ｼoｮqsuW閙��~聳��o悔�鑾ﾗ~墟�ﾇ摠������Jｿ�kﾋﾎ_�鐺vｮ�｣埇wcﾚ讚油��珣稻ﾎ*r�*�*ﾎ�ﾍ�;｡M掟ﾜuｾzﾜ{ｹ灣征�juc�pﾄI猗ﾕ忖�6ｭ＂ﾜｨ鶴･��{ﾖ^`oｲｧ
ｬ;ﾕ洳eｭｲﾞｵ�7nｳ^ｲｫｹﾟ�ｹﾂ&�[ﾋｬjｺﾋ.�?S*ﾎD9%WX�]們%ﾘﾒｲ｣ｾeｵW殲&ﾌﾆｰL�9{����ｳu滯ﾆ鸞ｭﾇｬ便&k�=ﾒ岺ｽ浅/�e�*�q�9ﾃｽﾔjk槊ﾅ�,ﾝﾙ�;ｲ]g攜浙�ｨ��![f､{'ﾏh明噐n/ﾞ`eNｯﾌSfNr�
拉fv	･ﾌ腕�+�5｣�ﾁ�\mﾊ�Wg6ｭｻj"ﾔ]銈�%ﾟ增3焏,jFfUU�;bdZVｿc↓腰ﾕcｩ｣#7氈ｶ*.ﾇ �#�_獻鐙W�ﾀﾇyf礰�｣nTｮﾌｹｸ表=5�+{dｴi5嫌&Rj遉ﾈｵ樗Jﾏ�	ﾊﾎ4ｮ�+e?EOd]
ﾟﾟ蝌亨�7�#MP?ﾃ訷楸BﾟRf･ﾏﾎ蜴ﾐ亞dﾑAfqｵ�sﾓﾙ�置ﾖｦ7w]〓,{醍穣wﾗｻ�-ｽ�ｸﾒKｮ鰆ピxVﾅBｶp鑈Pｮﾄﾎ1Hiｭ�ｺｳｬ廿q}d轌膤{壹62洟�-�
�"ｫ8･�.ｱｨ�
Riﾑﾏ碎mﾍ鑈sY甯<�･l'･ﾎUﾊｾｬrｶﾝK�9iﾃ�^犖{+ﾝﾖﾎ,ｮ7�ｵ偈｣d隙NbY�;:aﾊ�ｬL�?Yﾔｫﾊx｢ﾉH槎<立YV2ﾟ･L堺齲瞞ｷp､M譯径iﾋr鉷ｲ9s"履苔�.dw� �9暁恙脱ﾍﾒ孤.%ﾏ吶��ﾅﾔ祥ｯY妄X�&_�2急AK?⊿Rﾚﾒ&籔截�,ﾌBVｴc=ｮﾌ9ｦｹ*tﾂeｹ2gﾉ`iｫ
ﾝﾕ�_ﾚ�芬_婉|�9�ｬﾒ+u鄒ｻ�ｹJﾙN.a�ﾋ 齷･�(�(�a�塑ﾁSﾄvﾅ`�ｹc�ﾙ�<瀬毘<ｬ�Rt愠n潤Yｿn�;%:�2､�ｩ�哘腱ﾃｨﾃｯﾀ�ﾔﾀｬUﾒｻ'9*ｧ!Vｱ}�Gﾋﾘ;7	�*ｽﾟoｷ､ｨ1%舮ｾwｻｽ�-ｸﾐ�
弘�5S貽ﾁﾞC�ﾌ�0&､�n�?ｷG3舳6�"麗C3czｫﾌ�	�ｹ�*ﾛZ曲▼5'ｦ1鍾b喩ｲﾍ(wY;R骼ﾂ朴ｷ､ﾄ遧P�4�ｺ�ﾍcﾙ�5�5･�=Fyｷ戴ﾅ｣ﾘw5身ｼＲ､�)�/芒ﾑgﾘzｯPf]� ﾎ})dKｩｯﾛ�);@<M橢C/d�$eｲ~Gf1ﾅGｳ葺ﾃ~�"eF､寘ﾐ､ﾐL�趣伴蟇��･,qﾅ�13芒ﾀ燮ﾃｷ�1��抂棋ｻｳ｡ﾌﾜ�躡{ｪ`�:wﾊ0
P笆��蚤=y0抬ｭ･､ﾈ怙躄ｪVｲ/h�;.厮>ﾆﾊYO佑関 ﾍﾞ�>2ｪｴLﾉ�1鮟ﾈd*ﾌc/ﾚﾖｷAnQ$ｩﾌ､y)_A郞ｮmNﾏ帽ﾎ�懍u0rPV視ﾆSﾁShs凾Rc'3ﾟ&ﾃE)ﾇﾚﾍLDｳ^ｸ員ｲ�%�碁^FP賽��/�9勺�籔oﾃ5･u:ﾆ櫤yﾒ藾\�('�	斥ｹ1O(3導ｯ;z,珉S昌k�ﾔｫｧX毅#(｡sﾔﾕｯ_鴉偆�<ﾕ~-ﾈ慫ﾞ�;Cﾉ佗/｢�垤妄ﾕﾙ2o｡脇~6･ﾉs0O崚t｢KLﾃ5�b {oｦｳﾗ.ツr9�>ﾏp-V>ﾇ�8ｺRﾁQﾁ"ｾ=ｭﾌ桒�&ｻｻ�ｰ棘fNeﾊq� 俣ﾐ*�<賴ﾑ侶ﾁｬ�/Qfｶ畊�掃}Z�5�*4Ρ?�	)ﾊ'Wﾉ舳側ﾒw^蓙�9ｺ/{O
Xﾛ0mKﾜﾞnsﾎd9Gie.ﾔX�1�:ﾏ`柏ｯb滂`ﾎ｡辻=汳ﾀﾌQ-｣&`ﾖ�)�ﾜｮA�ﾍﾝ"ш1�ﾂgｰT]ｶｸ�貉s�
ｭｧ傍�ﾙﾗ=<4�ﾑﾉ慷ﾋXﾛD纂ｦLﾈfiﾂﾙ$�:ﾝcｰ�0PQ@ｽ-旬ｭﾑ��戰Yeﾖ�r4xO5z��?ﾁ�9�dﾗH�3YﾀS炫ﾎ>.sBt	��捧�･0S9gｩら｢鰻+ﾜ畉�ﾎb署晩YJvXyZ�5ｬﾅ*4｢&:ﾃP�菟�ｹ:�ｴｮﾎl6{\]U泪
ﾝﾞｯﾉﾜ兤:ﾂ淅3LeW�蔡38�Y*ﾖ�琇b�.ﾀ})
ｨﾉﾊ叨娼bwﾖ�Q(d�逵秒ｮB踐呈S2P�Mnﾊwｵ恵ｦ｣P9壹+�Q魴ｬﾌﾚ3?k ｵ"3"�4ﾗz�1.F呑em肚Lｹｬ募ｮ福ﾎﾎwG褒�2Yﾔ劣ﾉ�ｩo噐Sf&�藤nﾊgSF�ﾋｳ)Cﾇｵﾌ
.乏7�:�9+O4ｻq彑Q萸�縮$x�8絈tu�3f訪
櫢y槍ﾙｮ�<遶ｪｫ､Vgｹ#-�8ｯLﾎ蕗ｨ/ｨA<=Wﾚﾙ"ﾃｱﾌRﾋ*艤�洽�"u･ﾊ�5�mﾖﾝsgWl魴6g'N､ﾞiv0y凋g{yEﾓｪﾌxｾ儔��;gﾎﾍ-%網T�99ｦmZ瀚^ynｩ5｣ﾐ]z[sXfrXoﾇ�嗽��ｚｯ､ﾑprIｧG蕗K倔ﾋ(u�;VmFｩMXｹ臧Rzﾙ_穩ﾏﾟｴV{T;､ｷ�%ｽ,r��4\'ﾜ>｡=ｰﾟs�iｴ3關{墻ﾍ齔ｵ酵k\ﾊｪｽnｸｮｺ?�=,!･ｩｽ俍ｮ剤K_､ｷ蘿ﾞ?ｿ｢觸｢ﾞMMﾊ十ﾒ{l6ﾈﾚ9ﾜ7��K歴u.構ｻﾝ霻�ｮ�鐺ﾁ/ｮh�/� dM･��哨塵ｲN��檄ｩ�ｵｾﾐｲ箚Wｯｦ2E｢ﾔﾗ\ﾋ�燁ﾞ.､#ｨ��ﾅ�罸]VｽaM甄ｨｷｬﾃ��UbｶﾞｷﾞUｭ"���[ｬ?J/庇`ｭﾜ裟hｬ_ﾛ]ｬw勀Hﾛ�!Ρ7�)ﾔZeﾝ貿UｩｱVｲ�昧ｫv峅芦ﾓTｽ鰭ｵｵ:籥ﾕ鸛%燼胤洳	v+罇m･ｨaﾗ捕ｯ>;ｺo|Wｻ]譓ｶ]ﾊ�NIﾘﾎｰ�rZL�eﾅｨTﾜ｣ｬｸNﾉ*_��l]0'ﾌY7ﾙ
�ﾃИﾋn9鷽GXﾆｩ?ｫ苦"頡ｨﾃ�?ｮpﾊ.ﾒ3ﾟ�=��抑ﾚjguTU	[oｭｳ粮_√┸功+ﾖﾛ�ｶ�=ﾏ�
ﾞｳ�%ｵ�ｻﾆｮA�NW･維)､ﾕ嵓tsﾙｶzDﾍ�8�+ｫ6lｪﾘ"<ﾟv&ﾊ豕ﾏﾉ遙V証
aN�ﾖ6Ltﾆ喬ｿ�ｆｿﾂ]�)vｶﾝﾗ絈ﾝろﾖｰ暘 ; ��#n�ﾖUEｪHｻ｣�恐ﾅｲ述ﾋuｻ:S/kDｭﾝjｱ�ｨﾕ%g｡ｵZﾍｱ辞FKﾂVｯｨｮﾗ]ｭl+AEｫﾅ*�vu鉱ﾟﾞP^ｵ_mAiI�ｻ��餬:�%s5ｫｳﾚ寛l�fﾓfﾕ｡Uｩ:ﾘﾖ�ziｴｱWｬ��ｵﾄｪ�虞�ﾇjｋ=j'joｵ拇yｬO發VﾍｷⅧﾖAｴﾚﾖﾃﾗﾕ*	n#�*+�� ｷﾅ�ｵﾗF鮓�;ﾎR�ｮb�U嵯ｮ"ﾗ褌ｲtrlﾂ皋�T�ﾝVｶ:
充ｭｭ��ｻﾜﾊｵ{"=��8WｲｲSｬhｵﾖ*ﾁp}ﾜｷﾛ:ﾄX`fZｽﾂRｬﾈ斟V鈍ﾙ絜Gﾛ渉佑ﾖI;ﾜｺhGZ��ｨ�b1ﾊ�Z7p首Uｫ6RO�ﾎ圧i3dΥ梵#ﾕ黯ｨｸ悠bｼ�ﾍF､偶Ze#ﾕE7!ﾘ^"kR�ﾔp�ｵﾙﾞ圭(ｷﾊ盡�5鸚ﾂ蠇ｮq@佐ﾎ"ﾕﾟ臨ｹxｯ�6ｱ彅9�%ﾐjUｫ8ﾛ�/h斥ｬｳﾊ@~豌e>浄ﾘｨ{ｩ鉙9ｼｲ淕ｷ?�ｷ5QH]ｨ圉�'?ﾁyﾖ�(Y｣u,ﾒ�	~ﾏ蹊ｹﾊﾛ\<sPNﾞFﾛ[賤�･y�ﾈ･OOﾍ>排ｸ��匂%侭ﾋﾇﾘBz
�膕cX咽.Ufｷ�L�N蚶Vjc1ｩ<=ｦ6｡ﾉ鰡穗5K渟/ﾄ�!ﾓO叟IS壮�"�
�� |ﾍUf��;ﾗu>禮F-Bzﾗ¨ﾑｶﾖｸm膈jｼ�ﾃRevｼ)U･ｮ>7晨<ﾁ茂;ｰIﾓ�	ｨﾛ}9ｬtK^蟒�9ﾍ�?q�RB匤H})ﾗｰ-ﾒ巣ﾘgC箟Q?轉�ﾊ*ﾑ#�9ｺｳ幼ﾝ�ﾟﾇﾔﾍv/ｫﾖ�{5ﾏ剤､ﾒ�ﾗ炮_ｺ�ﾒﾇhS	"ﾀkｻRｺ彝ｬ内ｬ0pﾁ~a吭ﾕ覊�ｨｾｻ*7ｾw%~��E萵e�*ﾖｺ	R-A珂�nｵｲﾚﾂﾅｻｬ秦疔ﾂ�ﾝﾁ?.ｫﾁｷ惲ﾏD�[(｣2PfﾆｵHｬq-�,ﾏ[ｮ｡ﾀﾈﾆﾔ菅�琵+･ﾖc脈xs#ﾌｿﾓNﾞ"yｿIﾝ#n桑Wﾎ昶�J苣�-u汰,X娼_Y3曹ｷ"n"Y!3ﾃJ!+�｢�ﾗ��考HH@ｮ,ﾆ穃H_ﾜﾃﾝ/�･6ﾙ�*｢OFv�ｴﾔﾏ�6R�:觝5|菻1CﾕｬQC'�W�?便*�ｿKｹﾆﾖR�､~｢bU<4ｨｫｶ68]kp�麦ｫｶa鵲u尼ｩDｫｶ癶'�&ｩ6ﾗﾘﾞ�ZAdﾕVｵ>tﾔDu�ﾞ�ﾀ�ﾞﾏi莢�#w+戈(ﾞcx上=ｩ
.ｭ6ｼﾟﾂ猤ｼw羶�O�V�ｼ銖^ﾄ{)�敵ﾂｷｼW�>咸輾淪福ﾉZﾊ蕙ｼｯ烋5�ｼﾗ|/W�｣{ﾜｭ�ﾛﾗqｿ�:礼�ﾉ=ｹ泛:ｨ.aｹae;,ｬ<lTﾘd�ﾏ
ﾕ`Oﾀ捺ｹMｰ�Oﾏ�O而ﾈS�蝎�倢艙ﾓｳﾊｳﾎｳﾑS�凞ﾄsﾄﾓ�9羯ｫb｣b=ｱIｱb��ﾛ'6'ｶ(ｶ<vT�ﾘﾙｱ誼ﾟ珪ｻ.vcl}�ﾘOb焼~{6ﾗ{羮iﾞﾛｼﾝｼz3ｽyﾞo･ｷﾊ;ﾝ裵wｩwｹw差ﾆｻﾙｻﾍ蠇�ﾞSﾞf_�/ﾆ伶k扈ﾋw浣ｷ/ﾛW�+�-劯鬮�>虧�迯K化%ｮKﾜqqｹqﾅqqc筥ﾆﾍ砿9nYﾜ�帚ｶﾆ妺�,ⅸq�;wﾙ綷��ﾘ溷/勀鉎蘒�ﾕｿﾂｿﾖ_��ﾟ���K��;�ｿ�xI�⊇=}9△@y`T`r`v`Q猩ﾀｪﾀｺﾀﾆ@}`w燗ﾀ詑ｷ�゜|t|\|Z��狐狐�/憶険粥�b�稾�7ﾇo��0�ｯ絨ﾅ沛oN��HHh用Wﾂ}	ｽｲ
ﾊF$LL�ｰ 磆�	ﾕ	�v&|懺UBcﾂ刋級*1*ﾑ尨遅Kb瞭3s�+ﾇ$NM悍箚ﾄﾕ雅7%nMﾜ虹Y糀�靭.RxR�@R乢;悌Iz8)+ｩ ｩ4ixﾒ迺^Jz5iEﾒﾚ､ﾚ､-I�'}簸eRCﾒwI凋菠dOrRr�ｻ怒$ﾎI.J.O�<9yv�7展%ｯKﾞ禄涵;�#ﾉﾟ&櫪ｾ巴ｧDｧﾄ･､･ﾜ猛-蠱伯妃披矧�1)SS讎ｼ愆,euﾊ哿M)[S|薬荢?､廳ｹ�樛:5接&ﾔ{RNﾍJ-H-M杙�:=ﾔ･ｩﾋSﾗ､ﾖ､nNﾝ愈a�ｩ_ｧ曷=湃��当蹟.摠ｴ鋐zｧeｧｦ払工尨6+mAﾚ�+ﾓｪﾓjﾓｶ､ｽ滾Qﾚ擁iﾟ･]Hsﾒ#ﾓ=飆�ﾒ��ﾞ'='ｽ(ｽ<}T柀驪X3oH處_x椥霆!y��･ｫｾ[ｿ澹eｿﾙ｣ｬ董ｫ萵�苦ﾇ�K*O鋕mｨｵﾝﾄ菶ﾌ?rW]ｹﾗi藕pﾚ蟲ﾁ俍ｦg\>�$^9-W﨤gｳ�0kﾁﾋW.ﾑ-ﾜ�ｧ~ｯｼﾒ~ｬ�H�艟�ﾃﾁ)涌#ｬｱﾊ>ｹ�/�｣|ｩS7�=橳ﾇ9禛ﾋ徭ﾁzgNﾐ罧nﾔ9N�>ｦ偶k:Koﾐ%Neﾝﾙ)輻ﾝﾇ�ｭﾝ4逵�糊+uGｭｎNt:ﾁ�cﾎｦ`･s!xFﾒ5ﾎ≒
ﾝﾓﾙ�8ﾁfФ輙	蛇�Fｽ_ｯﾀｿﾃuW�a:ｻOyｷ挾單躾�g完ﾔﾉuuﾎ:ｭ�真ｭ{9エﾓBS全K3ﾎwﾂ;錣ｼW0ｼﾖNｲﾄ�vﾎ赳咾ﾁLｧ.8ﾁｩ�}�ﾁ)ﾎyｱﾛSO3ﾅﾙ� ~�,'�耶ｱﾎｧ:=xP禛[tｹｳ�旒ﾍ村ﾐ)ﾑﾑﾁ5ﾐz�	Nｾ槢ｽ扼|z:翼ｧA=ﾜ9�c珀e}�ﾆk�;�Yﾌvｶ;ｯ[π%�ｫｺ磨ｦﾎ奝>ﾋｼﾜ,ﾇ珖gﾜﾄ4G9答O:ﾀ~Bs顛ｧs捍ﾍMﾎ4俥ﾍs生褝ｨﾞ圭^｡ﾏ�ﾎ柿{颯�､ﾟ:ﾝ虱ｸ9ｧ/ｪﾖ�mｾ棧ﾟﾐ樅V､�7ﾈｱI妤Jﾗ･Hﾛ�ｧﾈ劭苓俿9m睹|Lﾋｮeﾉﾐ�:ｩ2�'ｯﾞ｢ｿA椚痾俸S�22E￡q^ｵﾕﾕｺｫｮﾓ奸iｹ㎎X�A=E蘗栢��3 ﾂｺ､:�鷽ﾘI^p�A蠣<SAk$韮Wﾋ７UｮG8u*
ｾ愼'�]�A崧�ﾉｺﾀY液<�ﾖ｣ｬGﾝ彰v+|-ｽ積k�酣���5菇�jｭ�2ﾊ\ｹs裲ｧN�;ｽ�2]｡�Nw筏e俿ｧｷﾞ･｣ﾄ裴z┰JwGﾗ#MO"Ew�囎岦>ｮﾇjﾞ�ｶ}杏厓1�i]証6!ﾄKｰ泯ﾓ相�楕�z+ﾒ���ｷu�(hﾜ�ﾅ8㏍{uТ卦它ｴｧ市ﾜYｨ"�｣T<ﾊ�]旗ﾌ�ﾑ:ｿﾏ!椽ｮ1uL=�G>wFnUQH轉ﾝ襞龝+ﾂ渹燧榠ﾎ%蓍ﾚ�4ｸｨｭ��;謝|ｦ7竈禦ｻｱ�ﾍｶsﾞ償-uK鶸Og綴-ｩRｯXw､^｡ｾｴﾔ+q#ﾎ>ｩ_ﾎ･�ﾖ+ﾔ#膂4�J､}ｹｳ=q�ﾌw>�場室ｲﾘ9<艚栞ﾂ禍ｷw�\;ｻけﾁnｵﾔy迫"P鉱ﾖ�l^^ｱ
螟ｳ樔F*晋ｹ､�!ﾐ｢}郭嘶AL｢ﾓ其�叝鶺ﾒ鞄Kｻ�｡ﾝｹﾄｲehｯt.�g!麩Oﾄug牘uﾁ\gas5隧&�ﾑ/ 逞橡ﾛﾄl
ﾞｮﾃブ�� ﾜ	ｿﾘ\N�!ｼeR�ｨｱ栁+�w 鉧�DｮD9ｮGｼG#ﾍ\辣���G校⊆#ｵｳeｧｨыﾊ�<ﾖｯ�_/ﾇs?ﾊﾗ��ｦ�4�痒ｿ釧<ys/'Gx9y�xDYﾉ�Lｼwｯ衛nｧ>�/8ﾇ�=Q�ﾎﾁ>晗��&晉ｬF>�'�轎���$滿-aTﾂﾍﾊ��ﾄSP^ &ﾂ{ﾁ寓1衽躅ｾﾏ｢~ｮ@火qV骰ﾎv'ｻyｹ畷�<�
	�楠ｾ�	.wｵﾋ彰�)p3g判fﾊ｡朗pﾐ4e�!蔔~､ﾑ深稗崙W艀.ﾓｯ+鷙Wｧ稚�`楜ｶﾅH|ﾄｼ%ｲrﾂ迩档�ﾖlF枸ｷ�ﾔBﾏﾐ�?ｴ�ﾁﾚ�WｵGﾍ?�8(Qｳsﾆ�ﾗ+�$ｿ��池猝"��苟^+u$､ﾛQ晶Nｾ飼d避cWNI�小2ｲ麸黨5t邉@ 6�PP�n偶ｼ_ｿ�4#ｦｷT膤w蒟�$羹ｴM ﾏ�ﾔ�ﾊ�<ﾖｯ�_/ﾇs?ﾊﾗ��ｦ�4�痒ｿ釧<ys/'Gx9y�xDYﾉ�Lｼwｯ衛nｧ>�/8ﾇ�=Q�ﾎﾁ>晗��&晉ｬF>�'�轎���$滿-aTﾂﾍﾊ��ﾄSP^ &ﾂ{ﾁ寓1衽躅ｾﾏ｢~ｮ@火qV骰ﾎv'ｻyｹ畷�<�
	�楠ｾ�	.wｵﾋ彰�)p3g判fﾊ｡朗pﾐ4e�!蔔~､ﾑ深稗崙W艀.ﾓｯ+鷙Wｧ稚�`楜ｶﾅH|ﾄｼ%ｲrﾂ迩档�ﾖlF枸ｷ�ﾔBﾏﾐ�?ｴ�ﾁﾚ�WｵGﾍ?�8(Qｳsﾆ�ﾗ+�$ｿ��池猝"��苟^+u$､ﾛQ晶Nｾ飼d避cWNI�小2ｲ麸黨5t邉@ 6�PP�n偶ｼ_ｿ�4#ｦｷT膤w蒟�$羹ｴM ﾏ�ﾔ�